<?xml version="1.0" encoding="utf-8"?> 
<!-- 
  Synopsys, Inc.
  Version V-2023.09L-2
  Project file O:\fpga\lattice\claritydesigner\aes50_clk_ddr\syn_results\syntmp\run_option.xml
  Written on Mon Feb 23 11:08:42 2026


--> 
<project_attribute_list name="Project Settings"> 
     <option name="project_name" display_name="Project Name">aes50_clk_ddr</option>
     <option name="device_name" display_name="Device Name">syn_results: Lattice ECP5U : LFE5U_12F</option>
     <option name="impl_name" display_name="Implementation Name">syn_results</option>
     <option name="top_module" display_name="Top Module">aes50_clk_ddr</option>
     <option name="pipe" display_name="Pipelining">0</option>
     <option name="retiming" display_name="Retiming">0</option>
     <option name="resource_sharing" display_name="Resource Sharing">1</option>
     <option name="maxfan" display_name="Fanout Guide">50</option>
     <option name="disable_io_insertion" display_name="Disable I/O Insertion">1</option>
     <option name="no_sequential_opt" display_name="Disable Sequential Optimizations">0</option>
     <option name="fix_gated_and_generated_clocks" display_name="Clock Conversion">1</option>
     <option name="symbolic_fsm_compiler" display_name="FSM Compiler">1</option>
</project_attribute_list>

